https://s3-us-west-1.amazonaws.com/wornshoes/0.jpg@,Wade48,24622,1526572329355,0
https://s3-us-west-1.amazonaws.com/wornshoes/1.jpg@,Pat.Nitzsche39,42919,1509577832009,1
https://s3-us-west-1.amazonaws.com/wornshoes/2.jpg@,Rosemarie.Romaguera,89655,1507443322472,2
https://s3-us-west-1.amazonaws.com/wornshoes/3.jpg@,Rosanna65,99554,1523450210247,3
https://s3-us-west-1.amazonaws.com/wornshoes/4.jpg@,Jeanette38,67702,1509481787927,4
https://s3-us-west-1.amazonaws.com/wornshoes/5.jpg@,Gerry86,30993,1506029922298,5
https://s3-us-west-1.amazonaws.com/wornshoes/6.jpg@,Sarina_Satterfield,68173,1504534720217,6
https://s3-us-west-1.amazonaws.com/wornshoes/7.jpg@,Pascale.Bednar44,83793,1525184319010,7
https://s3-us-west-1.amazonaws.com/wornshoes/8.jpg@,Barry.Runte,82934,1510995794145,8
https://s3-us-west-1.amazonaws.com/wornshoes/9.jpg@,Sedrick_Bartoletti51,56266,1524043125678,9
https://s3-us-west-1.amazonaws.com/wornshoes/10.jpg@,Maxwell39,98445,1513945873750,10
https://s3-us-west-1.amazonaws.com/wornshoes/11.jpg@,Deion7,49132,1525230018023,11
https://s3-us-west-1.amazonaws.com/wornshoes/12.jpg@,Monserrat_Cassin67,93876,1509291202054,12
https://s3-us-west-1.amazonaws.com/wornshoes/13.jpg@,Everardo_Funk74,1797,1512366930752,13
https://s3-us-west-1.amazonaws.com/wornshoes/14.jpg@,Samara20,88085,1526638090835,14
https://s3-us-west-1.amazonaws.com/wornshoes/15.jpg@,Ruth92,26996,1527348800346,15
https://s3-us-west-1.amazonaws.com/wornshoes/16.jpg@,Haskell17,24558,1525866431143,16
https://s3-us-west-1.amazonaws.com/wornshoes/17.jpg@,Rachael_Lakin28,10574,1509823578017,17
https://s3-us-west-1.amazonaws.com/wornshoes/18.jpg@,Ross_Grimes,88001,1501646312551,18
https://s3-us-west-1.amazonaws.com/wornshoes/19.jpg@,Eldridge.Huels67,94532,1520137864332,19
https://s3-us-west-1.amazonaws.com/wornshoes/20.jpg@,Annabel_Fay33,77507,1520819037714,20
https://s3-us-west-1.amazonaws.com/wornshoes/21.jpg@,Jeffry59,26828,1510834582880,21
https://s3-us-west-1.amazonaws.com/wornshoes/22.jpg@,Caitlyn21,95979,1502212890765,22
https://s3-us-west-1.amazonaws.com/wornshoes/23.jpg@,Jairo.Heathcote24,45616,1519705480503,23
https://s3-us-west-1.amazonaws.com/wornshoes/24.jpg@,Shanna_Jones,59671,1515704562783,24
https://s3-us-west-1.amazonaws.com/wornshoes/25.jpg@,Margret_Ebert,27694,1518128097069,25
https://s3-us-west-1.amazonaws.com/wornshoes/26.jpg@,Addison65,15825,1517161119504,26
https://s3-us-west-1.amazonaws.com/wornshoes/27.jpg@,Parker_Stehr,93812,1502070402746,27
https://s3-us-west-1.amazonaws.com/wornshoes/28.jpg@,Henry.Frami87,47314,1524469957925,28
https://s3-us-west-1.amazonaws.com/wornshoes/29.jpg@,Danny_Graham,53156,1531008626370,29
https://s3-us-west-1.amazonaws.com/wornshoes/30.jpg@,Josue57,13497,1516317740942,30
https://s3-us-west-1.amazonaws.com/wornshoes/31.jpg@,Duncan14,59058,1519070769385,31
https://s3-us-west-1.amazonaws.com/wornshoes/32.jpg@,Harley.Kuphal46,55077,1530167811260,32
https://s3-us-west-1.amazonaws.com/wornshoes/33.jpg@,Dayna.Hudson,23009,1520475780275,33
https://s3-us-west-1.amazonaws.com/wornshoes/34.jpg@,Terence.Hermiston55,88477,1518526608658,34
https://s3-us-west-1.amazonaws.com/wornshoes/0.jpg@,Rosanna45,42928,1505894430478,35
https://s3-us-west-1.amazonaws.com/wornshoes/1.jpg@,Moriah.Padberg,60719,1517464211252,36
https://s3-us-west-1.amazonaws.com/wornshoes/2.jpg@,Libby14,87418,1520306588264,37
https://s3-us-west-1.amazonaws.com/wornshoes/3.jpg@,Korey23,1130,1516948092107,38
https://s3-us-west-1.amazonaws.com/wornshoes/4.jpg@,Zelma.Bode37,1429,1512931179052,39
https://s3-us-west-1.amazonaws.com/wornshoes/5.jpg@,Elvis81,91956,1529973291177,40
https://s3-us-west-1.amazonaws.com/wornshoes/6.jpg@,Hilton.Mohr76,50936,1527700158062,41
https://s3-us-west-1.amazonaws.com/wornshoes/7.jpg@,Cierra31,56160,1525030038024,42
https://s3-us-west-1.amazonaws.com/wornshoes/8.jpg@,Deven_Wolf8,36812,1527623651197,43
https://s3-us-west-1.amazonaws.com/wornshoes/9.jpg@,Maegan.Kerluke,1994,1526017224899,44
https://s3-us-west-1.amazonaws.com/wornshoes/10.jpg@,Zoey_Adams55,18664,1506558260984,45
https://s3-us-west-1.amazonaws.com/wornshoes/11.jpg@,Thomas_Lowe,24633,1504066048061,46
https://s3-us-west-1.amazonaws.com/wornshoes/12.jpg@,Rigoberto.Donnelly72,12757,1508667921080,47
https://s3-us-west-1.amazonaws.com/wornshoes/13.jpg@,Edwina_Shields,34372,1508723235805,48
https://s3-us-west-1.amazonaws.com/wornshoes/14.jpg@,Meda.Schmidt0,53440,1521021803830,49
https://s3-us-west-1.amazonaws.com/wornshoes/15.jpg@,Imani.Kshlerin,53274,1520108401321,50
https://s3-us-west-1.amazonaws.com/wornshoes/16.jpg@,Vivianne65,25493,1518428874747,51
https://s3-us-west-1.amazonaws.com/wornshoes/17.jpg@,Greta19,43317,1526719924807,52
https://s3-us-west-1.amazonaws.com/wornshoes/18.jpg@,Cornell_Padberg14,21406,1523591935825,53
https://s3-us-west-1.amazonaws.com/wornshoes/19.jpg@,Chet_Keebler,22229,1508704880069,54
https://s3-us-west-1.amazonaws.com/wornshoes/20.jpg@,Dudley_Thompson69,45830,1526433337314,55
https://s3-us-west-1.amazonaws.com/wornshoes/21.jpg@,Aric25,41532,1521579014533,56
https://s3-us-west-1.amazonaws.com/wornshoes/22.jpg@,Blair.Fisher1,86167,1522075768225,57
https://s3-us-west-1.amazonaws.com/wornshoes/23.jpg@,Monty.Schiller,18661,1523585015284,58
https://s3-us-west-1.amazonaws.com/wornshoes/24.jpg@,Ismael.Zemlak,28678,1507834374886,59
https://s3-us-west-1.amazonaws.com/wornshoes/25.jpg@,Magnus49,98071,1503946560378,60
https://s3-us-west-1.amazonaws.com/wornshoes/26.jpg@,Orlo_Dietrich34,79288,1501482122497,61
https://s3-us-west-1.amazonaws.com/wornshoes/27.jpg@,Stanford43,67452,1515582709201,62
https://s3-us-west-1.amazonaws.com/wornshoes/28.jpg@,Orlando_Tromp,92104,1503406978190,63
https://s3-us-west-1.amazonaws.com/wornshoes/29.jpg@,Abigale_Quigley,40585,1502670787626,64
https://s3-us-west-1.amazonaws.com/wornshoes/30.jpg@,Louie3,42496,1519364097132,65
https://s3-us-west-1.amazonaws.com/wornshoes/31.jpg@,Darren_Lehner42,66409,1516491733430,66
https://s3-us-west-1.amazonaws.com/wornshoes/32.jpg@,Avery_Hartmann,95418,1527353074436,67
https://s3-us-west-1.amazonaws.com/wornshoes/33.jpg@,Cyril14,40761,1531812764762,68
https://s3-us-west-1.amazonaws.com/wornshoes/34.jpg@,Amber73,50345,1531726968121,69
https://s3-us-west-1.amazonaws.com/wornshoes/0.jpg@,Taryn.Ratke,56187,1528794899306,70
https://s3-us-west-1.amazonaws.com/wornshoes/1.jpg@,Layla_Schowalter,12464,1506347644254,71
https://s3-us-west-1.amazonaws.com/wornshoes/2.jpg@,Lauriane28,18196,1522995392500,72
https://s3-us-west-1.amazonaws.com/wornshoes/3.jpg@,Dawson.Dooley10,27480,1528127722692,73
https://s3-us-west-1.amazonaws.com/wornshoes/4.jpg@,Dakota0,44989,1530152225493,74
https://s3-us-west-1.amazonaws.com/wornshoes/5.jpg@,Rosalee98,44167,1531655130375,75
https://s3-us-west-1.amazonaws.com/wornshoes/6.jpg@,Angie93,91062,1501801131432,76
https://s3-us-west-1.amazonaws.com/wornshoes/7.jpg@,Marian.Graham,93370,1527894823446,77
https://s3-us-west-1.amazonaws.com/wornshoes/8.jpg@,Jaeden.Mertz2,35425,1510638769556,78
https://s3-us-west-1.amazonaws.com/wornshoes/9.jpg@,Ibrahim.Mills31,37991,1508359738606,79
https://s3-us-west-1.amazonaws.com/wornshoes/10.jpg@,Dena49,62012,1517569126659,80
https://s3-us-west-1.amazonaws.com/wornshoes/11.jpg@,Laurel.Hagenes57,5982,1517229638251,81
https://s3-us-west-1.amazonaws.com/wornshoes/12.jpg@,Casimir16,12669,1530536644406,82
https://s3-us-west-1.amazonaws.com/wornshoes/13.jpg@,Dale_Collier90,10613,1502477089587,83
https://s3-us-west-1.amazonaws.com/wornshoes/14.jpg@,Delphia.Quigley23,47443,1518564882676,84
https://s3-us-west-1.amazonaws.com/wornshoes/15.jpg@,Preston.Schaefer68,25387,1517520773668,85
https://s3-us-west-1.amazonaws.com/wornshoes/16.jpg@,Jett_Collins,36953,1530937344617,86
https://s3-us-west-1.amazonaws.com/wornshoes/17.jpg@,Wilfrid_Upton,52011,1524209882741,87
https://s3-us-west-1.amazonaws.com/wornshoes/18.jpg@,Damon99,16488,1518613135714,88
https://s3-us-west-1.amazonaws.com/wornshoes/19.jpg@,Gardner24,9829,1518245450230,89
https://s3-us-west-1.amazonaws.com/wornshoes/20.jpg@,Desmond_Ortiz31,27966,1516945196626,90
https://s3-us-west-1.amazonaws.com/wornshoes/21.jpg@,Romaine_Kuhn,57551,1526837011183,91
https://s3-us-west-1.amazonaws.com/wornshoes/22.jpg@,Stefan60,42696,1526815427935,92
https://s3-us-west-1.amazonaws.com/wornshoes/23.jpg@,Jose.Schmitt42,86359,1530442135137,93
https://s3-us-west-1.amazonaws.com/wornshoes/24.jpg@,Freda_Tremblay,98651,1507702351428,94
https://s3-us-west-1.amazonaws.com/wornshoes/25.jpg@,Brycen43,59815,1502289378798,95
https://s3-us-west-1.amazonaws.com/wornshoes/26.jpg@,Norberto90,86637,1508633480821,96
https://s3-us-west-1.amazonaws.com/wornshoes/27.jpg@,Edyth28,8857,1529550131548,97
https://s3-us-west-1.amazonaws.com/wornshoes/28.jpg@,Connor28,37103,1531347461667,98
https://s3-us-west-1.amazonaws.com/wornshoes/29.jpg@,Litzy35,315,1530283839443,99
https://s3-us-west-1.amazonaws.com/wornshoes/30.jpg@,Stephan78,85310,1519684153571,0
https://s3-us-west-1.amazonaws.com/wornshoes/31.jpg@,Naomi.McKenzie17,64686,1506682159812,1
https://s3-us-west-1.amazonaws.com/wornshoes/32.jpg@,Esta_Nitzsche86,78860,1518996739494,2
https://s3-us-west-1.amazonaws.com/wornshoes/33.jpg@,Adaline_Douglas87,88659,1528137960112,3
https://s3-us-west-1.amazonaws.com/wornshoes/34.jpg@,Dangelo55,36923,1511142649675,4
https://s3-us-west-1.amazonaws.com/wornshoes/0.jpg@,Paolo_Cummings,11815,1531618995712,5
https://s3-us-west-1.amazonaws.com/wornshoes/1.jpg@,Simone.Welch,38618,1527907763871,6
https://s3-us-west-1.amazonaws.com/wornshoes/2.jpg@,Ramona49,17994,1514695783227,7
https://s3-us-west-1.amazonaws.com/wornshoes/3.jpg@,Cordell_Pouros,87422,1515536898156,8
https://s3-us-west-1.amazonaws.com/wornshoes/4.jpg@,Lavinia87,8432,1517806794992,9
https://s3-us-west-1.amazonaws.com/wornshoes/5.jpg@,Stuart_Wiegand,68873,1512870099819,10
https://s3-us-west-1.amazonaws.com/wornshoes/6.jpg@,Newell_Maggio,65413,1506410436123,11
https://s3-us-west-1.amazonaws.com/wornshoes/7.jpg@,Reyna60,61712,1510111820999,12
https://s3-us-west-1.amazonaws.com/wornshoes/8.jpg@,Charlie89,45027,1528509835973,13
https://s3-us-west-1.amazonaws.com/wornshoes/9.jpg@,Abe_Ruecker56,65134,1506201619624,14
https://s3-us-west-1.amazonaws.com/wornshoes/10.jpg@,Hulda18,20859,1515095291353,15
https://s3-us-west-1.amazonaws.com/wornshoes/11.jpg@,Aron.Johns12,64210,1532057507485,16
https://s3-us-west-1.amazonaws.com/wornshoes/12.jpg@,Vivianne7,61708,1505331968327,17
https://s3-us-west-1.amazonaws.com/wornshoes/13.jpg@,Keon_Cummings,57618,1517766358088,18
https://s3-us-west-1.amazonaws.com/wornshoes/14.jpg@,Ilene99,46534,1525316940153,19
https://s3-us-west-1.amazonaws.com/wornshoes/15.jpg@,Alberta_Bahringer,24938,1504700363027,20
https://s3-us-west-1.amazonaws.com/wornshoes/16.jpg@,Enrique_Kuhn,81181,1507433816975,21
https://s3-us-west-1.amazonaws.com/wornshoes/17.jpg@,Maryjane_Cummings96,67779,1506033737068,22
https://s3-us-west-1.amazonaws.com/wornshoes/18.jpg@,Daniella.Sporer56,24877,1521783411562,23
https://s3-us-west-1.amazonaws.com/wornshoes/19.jpg@,Britney.Shanahan,8992,1502075381736,24
https://s3-us-west-1.amazonaws.com/wornshoes/20.jpg@,Clifford26,44544,1514500540667,25
https://s3-us-west-1.amazonaws.com/wornshoes/21.jpg@,Gunnar_Klocko98,36293,1529535878850,26
https://s3-us-west-1.amazonaws.com/wornshoes/22.jpg@,Connor41,81461,1506443438618,27
https://s3-us-west-1.amazonaws.com/wornshoes/23.jpg@,Retta_OReilly,18878,1521135553746,28
https://s3-us-west-1.amazonaws.com/wornshoes/24.jpg@,Baron64,93641,1505463518860,29
https://s3-us-west-1.amazonaws.com/wornshoes/25.jpg@,Terrell1,88211,1502401835243,30
https://s3-us-west-1.amazonaws.com/wornshoes/26.jpg@,Kaia.Mitchell48,34322,1518656683054,31
https://s3-us-west-1.amazonaws.com/wornshoes/27.jpg@,Alison83,20441,1518933961093,32
https://s3-us-west-1.amazonaws.com/wornshoes/28.jpg@,Cathryn.Bergnaum41,68412,1525572208337,33
https://s3-us-west-1.amazonaws.com/wornshoes/29.jpg@,Fausto_Konopelski48,38185,1525230926740,34
https://s3-us-west-1.amazonaws.com/wornshoes/30.jpg@,Rebecca_Hilll,13314,1509738014446,35
https://s3-us-west-1.amazonaws.com/wornshoes/31.jpg@,Bethany_OKon94,90769,1504449582478,36
https://s3-us-west-1.amazonaws.com/wornshoes/32.jpg@,Heidi_Pfeffer,42775,1505480963247,37
https://s3-us-west-1.amazonaws.com/wornshoes/33.jpg@,Raymundo14,65856,1516495903448,38
https://s3-us-west-1.amazonaws.com/wornshoes/34.jpg@,Dustin.McDermott,25124,1520698551566,39
https://s3-us-west-1.amazonaws.com/wornshoes/0.jpg@,Ludwig47,647,1528362518423,40
https://s3-us-west-1.amazonaws.com/wornshoes/1.jpg@,Abigayle_Nikolaus,89374,1506183455442,41
https://s3-us-west-1.amazonaws.com/wornshoes/2.jpg@,Agustina74,77421,1528619721227,42
https://s3-us-west-1.amazonaws.com/wornshoes/3.jpg@,Holly_Schmidt,9607,1525926287339,43
https://s3-us-west-1.amazonaws.com/wornshoes/4.jpg@,Lazaro5,83825,1512442466883,44
https://s3-us-west-1.amazonaws.com/wornshoes/5.jpg@,Nathaniel.Connelly1,45580,1516990336263,45
https://s3-us-west-1.amazonaws.com/wornshoes/6.jpg@,Beau74,53190,1511992951210,46
https://s3-us-west-1.amazonaws.com/wornshoes/7.jpg@,Isaias51,30314,1518593632912,47
https://s3-us-west-1.amazonaws.com/wornshoes/8.jpg@,Elva_Wisoky,90425,1507581585322,48
https://s3-us-west-1.amazonaws.com/wornshoes/9.jpg@,Danielle.Abbott79,91867,1532099946232,49
https://s3-us-west-1.amazonaws.com/wornshoes/10.jpg@,Raven.Murazik,91130,1512983826181,50
https://s3-us-west-1.amazonaws.com/wornshoes/11.jpg@,Maryjane_Berge47,46780,1520666547827,51
https://s3-us-west-1.amazonaws.com/wornshoes/12.jpg@,Aubree_Christiansen80,53408,1519458079268,52
https://s3-us-west-1.amazonaws.com/wornshoes/13.jpg@,Citlalli46,60057,1517171030088,53
https://s3-us-west-1.amazonaws.com/wornshoes/14.jpg@,Ayana30,30455,1528756193762,54
https://s3-us-west-1.amazonaws.com/wornshoes/15.jpg@,Helga1,1136,1518177047945,55
https://s3-us-west-1.amazonaws.com/wornshoes/16.jpg@,Trinity_White,70063,1525222171347,56
https://s3-us-west-1.amazonaws.com/wornshoes/17.jpg@,Name.Koss,34976,1519661130068,57
https://s3-us-west-1.amazonaws.com/wornshoes/18.jpg@,Lucie.Steuber,7279,1517631922244,58
https://s3-us-west-1.amazonaws.com/wornshoes/19.jpg@,Catharine99,42353,1523226861375,59
https://s3-us-west-1.amazonaws.com/wornshoes/20.jpg@,Yazmin5,85593,1507350190528,60
https://s3-us-west-1.amazonaws.com/wornshoes/21.jpg@,Sarah.Kunze51,92953,1521319942459,61
https://s3-us-west-1.amazonaws.com/wornshoes/22.jpg@,Mariah85,77749,1510999272423,62
https://s3-us-west-1.amazonaws.com/wornshoes/23.jpg@,August59,77907,1517695967691,63
https://s3-us-west-1.amazonaws.com/wornshoes/24.jpg@,Bennie.Kessler37,67961,1515133298800,64
https://s3-us-west-1.amazonaws.com/wornshoes/25.jpg@,Roxanne90,25819,1523877270726,65
https://s3-us-west-1.amazonaws.com/wornshoes/26.jpg@,Assunta_Schuster,2609,1517687262976,66
https://s3-us-west-1.amazonaws.com/wornshoes/27.jpg@,Jalyn.Nikolaus62,60844,1505041401366,67
https://s3-us-west-1.amazonaws.com/wornshoes/28.jpg@,Kelton.Wolf,71028,1528767786014,68
https://s3-us-west-1.amazonaws.com/wornshoes/29.jpg@,Frances.Walter94,85433,1523857566803,69
https://s3-us-west-1.amazonaws.com/wornshoes/30.jpg@,Earnest.Beier70,10237,1528366421523,70
https://s3-us-west-1.amazonaws.com/wornshoes/31.jpg@,Telly78,38675,1513182465887,71
https://s3-us-west-1.amazonaws.com/wornshoes/32.jpg@,Oma_Hagenes,70678,1511140300810,72
https://s3-us-west-1.amazonaws.com/wornshoes/33.jpg@,Amparo_Bashirian59,66549,1520725405720,73
https://s3-us-west-1.amazonaws.com/wornshoes/34.jpg@,Raina.Ondricka,18037,1519849312013,74
https://s3-us-west-1.amazonaws.com/wornshoes/0.jpg@,Lucy.Schaden,97066,1515347075439,75
https://s3-us-west-1.amazonaws.com/wornshoes/1.jpg@,Sallie49,33592,1501570184351,76
https://s3-us-west-1.amazonaws.com/wornshoes/2.jpg@,Brianne.Runolfsson66,46753,1532182108194,77
https://s3-us-west-1.amazonaws.com/wornshoes/3.jpg@,Claire90,25293,1517937359252,78
https://s3-us-west-1.amazonaws.com/wornshoes/4.jpg@,Daren82,15831,1507231994818,79
https://s3-us-west-1.amazonaws.com/wornshoes/5.jpg@,Cristobal52,45370,1529173992298,80
https://s3-us-west-1.amazonaws.com/wornshoes/6.jpg@,Bradford.Bayer,38388,1526089210724,81
https://s3-us-west-1.amazonaws.com/wornshoes/7.jpg@,Ashton59,36470,1506504929387,82
https://s3-us-west-1.amazonaws.com/wornshoes/8.jpg@,Gianni22,51409,1510085146438,83
https://s3-us-west-1.amazonaws.com/wornshoes/9.jpg@,Liza.Powlowski83,86,1509856071037,84
https://s3-us-west-1.amazonaws.com/wornshoes/10.jpg@,Dahlia_Swift,97112,1501727275529,85
https://s3-us-west-1.amazonaws.com/wornshoes/11.jpg@,Monica.Osinski,81647,1508106087321,86
https://s3-us-west-1.amazonaws.com/wornshoes/12.jpg@,Estel.Pfannerstill36,3930,1519159066886,87
https://s3-us-west-1.amazonaws.com/wornshoes/13.jpg@,Wilmer97,84918,1502930345429,88
https://s3-us-west-1.amazonaws.com/wornshoes/14.jpg@,Elaina_Wunsch,83187,1515689129465,89
https://s3-us-west-1.amazonaws.com/wornshoes/15.jpg@,Hildegard29,63847,1512333916396,90
https://s3-us-west-1.amazonaws.com/wornshoes/16.jpg@,Jasen_Jones,53893,1506722066116,91
https://s3-us-west-1.amazonaws.com/wornshoes/17.jpg@,Savion5,51121,1517265933999,92
https://s3-us-west-1.amazonaws.com/wornshoes/18.jpg@,Stuart15,57933,1527047955525,93
https://s3-us-west-1.amazonaws.com/wornshoes/19.jpg@,Nestor_Kub16,5383,1517293642061,94
https://s3-us-west-1.amazonaws.com/wornshoes/20.jpg@,Armani.Hauck34,88505,1501998291023,95
https://s3-us-west-1.amazonaws.com/wornshoes/21.jpg@,Ezequiel.Schumm,2263,1530389265908,96
https://s3-us-west-1.amazonaws.com/wornshoes/22.jpg@,Savanna.Lubowitz27,86463,1501027440493,97
https://s3-us-west-1.amazonaws.com/wornshoes/23.jpg@,Kaley4,66507,1502097413491,98
https://s3-us-west-1.amazonaws.com/wornshoes/24.jpg@,Arnaldo.Hettinger13,60411,1528435091439,99
https://s3-us-west-1.amazonaws.com/wornshoes/25.jpg@,Unique_Gibson64,45776,1524236187587,0
https://s3-us-west-1.amazonaws.com/wornshoes/26.jpg@,Alayna.Champlin68,41300,1512620071905,1
https://s3-us-west-1.amazonaws.com/wornshoes/27.jpg@,Hulda70,78698,1529656226192,2
https://s3-us-west-1.amazonaws.com/wornshoes/28.jpg@,Arnoldo61,74351,1509765552435,3
https://s3-us-west-1.amazonaws.com/wornshoes/29.jpg@,Howell26,18969,1516612452967,4
https://s3-us-west-1.amazonaws.com/wornshoes/30.jpg@,Margie47,77697,1507076847698,5
https://s3-us-west-1.amazonaws.com/wornshoes/31.jpg@,Maci_Langworth87,89440,1512459359698,6
https://s3-us-west-1.amazonaws.com/wornshoes/32.jpg@,Beverly_Mayer95,2439,1514275411696,7
https://s3-us-west-1.amazonaws.com/wornshoes/33.jpg@,Lilliana.Wiegand32,75698,1509217358893,8
https://s3-us-west-1.amazonaws.com/wornshoes/34.jpg@,Alfonso70,93709,1530066222243,9
https://s3-us-west-1.amazonaws.com/wornshoes/0.jpg@,Katherine50,44188,1500929227408,10
https://s3-us-west-1.amazonaws.com/wornshoes/1.jpg@,Crawford_Roob,30330,1527594393845,11
https://s3-us-west-1.amazonaws.com/wornshoes/2.jpg@,Marcelina22,78716,1526202436573,12
https://s3-us-west-1.amazonaws.com/wornshoes/3.jpg@,Cody.Spinka70,50658,1515209479532,13
https://s3-us-west-1.amazonaws.com/wornshoes/4.jpg@,Glenda_Jacobi,30747,1518662366406,14
https://s3-us-west-1.amazonaws.com/wornshoes/5.jpg@,Adrien.Schoen,12345,1528767839821,15
https://s3-us-west-1.amazonaws.com/wornshoes/6.jpg@,Ahmed93,49243,1505918840279,16
https://s3-us-west-1.amazonaws.com/wornshoes/7.jpg@,Arianna28,90656,1503509717188,17
https://s3-us-west-1.amazonaws.com/wornshoes/8.jpg@,Steve_Botsford42,43703,1521593207775,18
https://s3-us-west-1.amazonaws.com/wornshoes/9.jpg@,Sincere30,3981,1513022872436,19
https://s3-us-west-1.amazonaws.com/wornshoes/10.jpg@,Ella25,20974,1510342983697,20
https://s3-us-west-1.amazonaws.com/wornshoes/11.jpg@,Zola_Buckridge27,4639,1507744814701,21
https://s3-us-west-1.amazonaws.com/wornshoes/12.jpg@,Olin.Abshire58,84361,1522778379827,22
https://s3-us-west-1.amazonaws.com/wornshoes/13.jpg@,Nicolette.Mante,9521,1530937297847,23
https://s3-us-west-1.amazonaws.com/wornshoes/14.jpg@,Linda.Hand,70079,1515321054379,24
https://s3-us-west-1.amazonaws.com/wornshoes/15.jpg@,Murphy_Osinski,87307,1515161223028,25
https://s3-us-west-1.amazonaws.com/wornshoes/16.jpg@,Warren_Goyette93,9343,1512696848131,26
https://s3-us-west-1.amazonaws.com/wornshoes/17.jpg@,Tomas23,64540,1501527553378,27
https://s3-us-west-1.amazonaws.com/wornshoes/18.jpg@,Sydnie_Schulist93,14428,1527232542823,28
https://s3-us-west-1.amazonaws.com/wornshoes/19.jpg@,Anderson32,81563,1521852838385,29
https://s3-us-west-1.amazonaws.com/wornshoes/20.jpg@,Roger_McKenzie22,64678,1522065243825,30
https://s3-us-west-1.amazonaws.com/wornshoes/21.jpg@,Modesto.Ernser,37032,1516763715631,31
https://s3-us-west-1.amazonaws.com/wornshoes/22.jpg@,Libby.Macejkovic,75225,1506695390665,32
https://s3-us-west-1.amazonaws.com/wornshoes/23.jpg@,Cleora_Reinger42,31587,1506991736565,33
https://s3-us-west-1.amazonaws.com/wornshoes/24.jpg@,Lilian99,85229,1504608154318,34
https://s3-us-west-1.amazonaws.com/wornshoes/25.jpg@,Barton_Botsford31,21383,1526440316481,35
https://s3-us-west-1.amazonaws.com/wornshoes/26.jpg@,Ariane.Konopelski,26708,1530240815976,36
https://s3-us-west-1.amazonaws.com/wornshoes/27.jpg@,Kennith62,12778,1509503298833,37
https://s3-us-west-1.amazonaws.com/wornshoes/28.jpg@,Akeem.Mante78,99884,1526189574297,38
https://s3-us-west-1.amazonaws.com/wornshoes/29.jpg@,Alex.DuBuque,9516,1523235027442,39
https://s3-us-west-1.amazonaws.com/wornshoes/30.jpg@,Davion_Luettgen3,45836,1521466312463,40
https://s3-us-west-1.amazonaws.com/wornshoes/31.jpg@,Velma_Upton,96375,1506607472845,41
https://s3-us-west-1.amazonaws.com/wornshoes/32.jpg@,Tomas17,43231,1525991886684,42
https://s3-us-west-1.amazonaws.com/wornshoes/33.jpg@,Emmett.Hackett65,4090,1521100088058,43
https://s3-us-west-1.amazonaws.com/wornshoes/34.jpg@,Josefina.Feil,43219,1509949567940,44
https://s3-us-west-1.amazonaws.com/wornshoes/0.jpg@,Leila_Kozey,48095,1521001051484,45
https://s3-us-west-1.amazonaws.com/wornshoes/1.jpg@,Keyshawn.Runolfsson14,82708,1503852139913,46
https://s3-us-west-1.amazonaws.com/wornshoes/2.jpg@,Guadalupe_Corwin,51217,1509039659434,47
https://s3-us-west-1.amazonaws.com/wornshoes/3.jpg@,Tyrell10,91659,1505518631954,48
https://s3-us-west-1.amazonaws.com/wornshoes/4.jpg@,Vanessa_Hermiston60,9077,1521664498033,49
https://s3-us-west-1.amazonaws.com/wornshoes/5.jpg@,Rowland.Goodwin58,35405,1531906224411,50
https://s3-us-west-1.amazonaws.com/wornshoes/6.jpg@,Eileen.Lockman52,3048,1510915077407,51
https://s3-us-west-1.amazonaws.com/wornshoes/7.jpg@,Iliana_Flatley,63810,1530014652071,52
https://s3-us-west-1.amazonaws.com/wornshoes/8.jpg@,Kamryn_Shields,63383,1516846911146,53
https://s3-us-west-1.amazonaws.com/wornshoes/9.jpg@,Charley.Wilkinson,23711,1517515468872,54
https://s3-us-west-1.amazonaws.com/wornshoes/10.jpg@,Jeffrey76,32809,1525255109986,55
https://s3-us-west-1.amazonaws.com/wornshoes/11.jpg@,Velma_Hane85,9834,1526640431798,56
https://s3-us-west-1.amazonaws.com/wornshoes/12.jpg@,Nola49,82778,1518099166198,57
https://s3-us-west-1.amazonaws.com/wornshoes/13.jpg@,Bernadine.Prohaska,63502,1525407147465,58
https://s3-us-west-1.amazonaws.com/wornshoes/14.jpg@,Reymundo_Cronin70,26247,1512480957016,59
https://s3-us-west-1.amazonaws.com/wornshoes/15.jpg@,Clemmie_Sanford,14766,1514141114325,60
https://s3-us-west-1.amazonaws.com/wornshoes/16.jpg@,Clement_Sporer,82493,1514059007924,61
https://s3-us-west-1.amazonaws.com/wornshoes/17.jpg@,Carey.Mayert,64973,1513494422719,62
https://s3-us-west-1.amazonaws.com/wornshoes/18.jpg@,Carol_Ondricka90,11343,1506518931590,63
https://s3-us-west-1.amazonaws.com/wornshoes/19.jpg@,Dovie.McCullough42,86476,1517974322157,64
https://s3-us-west-1.amazonaws.com/wornshoes/20.jpg@,Nicole_Herman28,9177,1520197459745,65
https://s3-us-west-1.amazonaws.com/wornshoes/21.jpg@,Keshawn53,49141,1532176019206,66
https://s3-us-west-1.amazonaws.com/wornshoes/22.jpg@,Carlos.Davis16,17349,1514020349862,67
https://s3-us-west-1.amazonaws.com/wornshoes/23.jpg@,Jennifer_Heller,76959,1529972750740,68
https://s3-us-west-1.amazonaws.com/wornshoes/24.jpg@,Kaycee.Legros,71976,1511092585072,69
https://s3-us-west-1.amazonaws.com/wornshoes/25.jpg@,Hazel87,69980,1516348572360,70
https://s3-us-west-1.amazonaws.com/wornshoes/26.jpg@,Natasha.Sporer37,41470,1522484877800,71
https://s3-us-west-1.amazonaws.com/wornshoes/27.jpg@,Henri.Rohan,72164,1501558779851,72
https://s3-us-west-1.amazonaws.com/wornshoes/28.jpg@,Roman70,23064,1516577519986,73
https://s3-us-west-1.amazonaws.com/wornshoes/29.jpg@,Isobel_Grant98,12433,1501388178122,74
https://s3-us-west-1.amazonaws.com/wornshoes/30.jpg@,Aletha70,78262,1532031712144,75
https://s3-us-west-1.amazonaws.com/wornshoes/31.jpg@,Ursula.Hermann,84483,1511918711954,76
https://s3-us-west-1.amazonaws.com/wornshoes/32.jpg@,Ines_Emard,50506,1518545091696,77
https://s3-us-west-1.amazonaws.com/wornshoes/33.jpg@,Berta_Blanda,44094,1531161654892,78
https://s3-us-west-1.amazonaws.com/wornshoes/34.jpg@,Ashlynn82,4192,1529443616189,79
https://s3-us-west-1.amazonaws.com/wornshoes/0.jpg@,Monserrate83,4067,1527121744716,80
https://s3-us-west-1.amazonaws.com/wornshoes/1.jpg@,Eldora_Crooks,70160,1502057729970,81
https://s3-us-west-1.amazonaws.com/wornshoes/2.jpg@,Antonio_Homenick,43518,1508881945057,82
https://s3-us-west-1.amazonaws.com/wornshoes/3.jpg@,Verona.Pouros,98223,1503572987109,83
https://s3-us-west-1.amazonaws.com/wornshoes/4.jpg@,Era_Lesch,69698,1514429049220,84
https://s3-us-west-1.amazonaws.com/wornshoes/5.jpg@,Maeve_Feeney75,50581,1517803988042,85
https://s3-us-west-1.amazonaws.com/wornshoes/6.jpg@,Johnathon_Luettgen,19293,1531729959707,86
https://s3-us-west-1.amazonaws.com/wornshoes/7.jpg@,Earl_Bashirian84,26799,1502306592919,87
https://s3-us-west-1.amazonaws.com/wornshoes/8.jpg@,Percy24,62706,1502149566326,88
https://s3-us-west-1.amazonaws.com/wornshoes/9.jpg@,Annabel_McLaughlin19,22819,1524241474465,89
https://s3-us-west-1.amazonaws.com/wornshoes/10.jpg@,Tracy65,82974,1519346536261,90
https://s3-us-west-1.amazonaws.com/wornshoes/11.jpg@,Pattie.DuBuque27,35636,1529008079699,91
https://s3-us-west-1.amazonaws.com/wornshoes/12.jpg@,Ellen.Watsica,77906,1520931603517,92
https://s3-us-west-1.amazonaws.com/wornshoes/13.jpg@,Kamryn_Botsford,91131,1524441626758,93
https://s3-us-west-1.amazonaws.com/wornshoes/14.jpg@,Gideon_Gusikowski,63938,1503039227906,94
https://s3-us-west-1.amazonaws.com/wornshoes/15.jpg@,Reggie36,84428,1501077596809,95
https://s3-us-west-1.amazonaws.com/wornshoes/16.jpg@,Cleo_McGlynn,34999,1525708725863,96
https://s3-us-west-1.amazonaws.com/wornshoes/17.jpg@,Laurence.Bernier,75713,1502889267700,97
https://s3-us-west-1.amazonaws.com/wornshoes/18.jpg@,Mariana56,65175,1518893276433,98
https://s3-us-west-1.amazonaws.com/wornshoes/19.jpg@,Felipa26,23356,1517066154775,99
https://s3-us-west-1.amazonaws.com/wornshoes/20.jpg@,Oran_Feest,84666,1527109535075,0
https://s3-us-west-1.amazonaws.com/wornshoes/21.jpg@,Karine1,49431,1526796385228,1
https://s3-us-west-1.amazonaws.com/wornshoes/22.jpg@,Rex.Hyatt,48390,1514154048238,2
https://s3-us-west-1.amazonaws.com/wornshoes/23.jpg@,Jimmy40,11302,1504415009511,3
https://s3-us-west-1.amazonaws.com/wornshoes/24.jpg@,Ethyl_King35,61689,1520479895550,4
https://s3-us-west-1.amazonaws.com/wornshoes/25.jpg@,Idell5,78970,1513604308407,5
https://s3-us-west-1.amazonaws.com/wornshoes/26.jpg@,Lupe38,75410,1525458154832,6
https://s3-us-west-1.amazonaws.com/wornshoes/27.jpg@,Angelina_Funk,28903,1525376569561,7
https://s3-us-west-1.amazonaws.com/wornshoes/28.jpg@,Abelardo36,64549,1506646645951,8
https://s3-us-west-1.amazonaws.com/wornshoes/29.jpg@,Sandrine.Barton15,79505,1521665643700,9
https://s3-us-west-1.amazonaws.com/wornshoes/30.jpg@,Sammie.Kuhn,47516,1513945405486,10
https://s3-us-west-1.amazonaws.com/wornshoes/31.jpg@,William.Brakus,7802,1511602168780,11
https://s3-us-west-1.amazonaws.com/wornshoes/32.jpg@,Francesco88,53273,1525967572634,12
https://s3-us-west-1.amazonaws.com/wornshoes/33.jpg@,Morgan_Koss,40521,1515133599078,13
https://s3-us-west-1.amazonaws.com/wornshoes/34.jpg@,Frederick.Reilly,92685,1515983550241,14
https://s3-us-west-1.amazonaws.com/wornshoes/0.jpg@,Mervin_Breitenberg87,7130,1502183407018,15
https://s3-us-west-1.amazonaws.com/wornshoes/1.jpg@,Kylie_Krajcik90,47327,1520404119183,16
https://s3-us-west-1.amazonaws.com/wornshoes/2.jpg@,Destinee77,89615,1502511469776,17
https://s3-us-west-1.amazonaws.com/wornshoes/3.jpg@,Gerald28,38443,1517546603036,18
https://s3-us-west-1.amazonaws.com/wornshoes/4.jpg@,Meaghan.Barrows,75528,1502179000036,19
https://s3-us-west-1.amazonaws.com/wornshoes/5.jpg@,Camylle70,37798,1508341223654,20
https://s3-us-west-1.amazonaws.com/wornshoes/6.jpg@,Gustave.Ullrich,11284,1531865897993,21
https://s3-us-west-1.amazonaws.com/wornshoes/7.jpg@,Abdul18,80562,1519437801288,22
https://s3-us-west-1.amazonaws.com/wornshoes/8.jpg@,Anika54,11001,1521166815226,23
https://s3-us-west-1.amazonaws.com/wornshoes/9.jpg@,Dino86,63923,1525481991635,24
https://s3-us-west-1.amazonaws.com/wornshoes/10.jpg@,Elnora_Mayert31,55433,1517284106902,25
https://s3-us-west-1.amazonaws.com/wornshoes/11.jpg@,Kayla_Abernathy,56607,1507181636567,26
https://s3-us-west-1.amazonaws.com/wornshoes/12.jpg@,Theresia1,23072,1504389916968,27
https://s3-us-west-1.amazonaws.com/wornshoes/13.jpg@,Emily_Mertz71,92730,1531143232232,28
https://s3-us-west-1.amazonaws.com/wornshoes/14.jpg@,Fleta75,81968,1511898261715,29
https://s3-us-west-1.amazonaws.com/wornshoes/15.jpg@,Andreanne_Bashirian,94649,1514049971785,30
https://s3-us-west-1.amazonaws.com/wornshoes/16.jpg@,Ahmad.Considine65,90160,1503312977964,31
https://s3-us-west-1.amazonaws.com/wornshoes/17.jpg@,Marisa44,72526,1513446818398,32
https://s3-us-west-1.amazonaws.com/wornshoes/18.jpg@,Geraldine.Kunde43,76780,1513281589667,33
https://s3-us-west-1.amazonaws.com/wornshoes/19.jpg@,Katlynn.Russel40,60894,1505069816609,34
https://s3-us-west-1.amazonaws.com/wornshoes/20.jpg@,Trystan86,70462,1505907516005,35
https://s3-us-west-1.amazonaws.com/wornshoes/21.jpg@,Hulda.Bruen42,73975,1503091657938,36
https://s3-us-west-1.amazonaws.com/wornshoes/22.jpg@,Alexys.Mitchell42,55506,1520547164208,37
https://s3-us-west-1.amazonaws.com/wornshoes/23.jpg@,Tyshawn_Ferry37,74382,1515931569686,38
https://s3-us-west-1.amazonaws.com/wornshoes/24.jpg@,Robyn_Bergstrom,34706,1516734497930,39
https://s3-us-west-1.amazonaws.com/wornshoes/25.jpg@,Ansel40,3826,1516774597319,40
https://s3-us-west-1.amazonaws.com/wornshoes/26.jpg@,Beau.Ankunding58,45072,1518541336228,41
https://s3-us-west-1.amazonaws.com/wornshoes/27.jpg@,Bobbie_Lemke,70002,1510037792676,42
https://s3-us-west-1.amazonaws.com/wornshoes/28.jpg@,Whitney_Spinka60,15746,1518398638806,43
https://s3-us-west-1.amazonaws.com/wornshoes/29.jpg@,Jamaal_Stanton,3503,1513671488183,44
https://s3-us-west-1.amazonaws.com/wornshoes/30.jpg@,Sherwood.Hansen,246,1517199808427,45
https://s3-us-west-1.amazonaws.com/wornshoes/31.jpg@,Regan_Prosacco60,34882,1504840506518,46
https://s3-us-west-1.amazonaws.com/wornshoes/32.jpg@,Ryder63,27213,1532185835937,47
https://s3-us-west-1.amazonaws.com/wornshoes/33.jpg@,Rebekah.Ebert71,7267,1508675962138,48
https://s3-us-west-1.amazonaws.com/wornshoes/34.jpg@,Lon.Dickinson21,64328,1529746010823,49
https://s3-us-west-1.amazonaws.com/wornshoes/0.jpg@,Aron_Graham29,78091,1510202904706,50
https://s3-us-west-1.amazonaws.com/wornshoes/1.jpg@,Raheem_Runolfsson,99749,1524233961317,51
https://s3-us-west-1.amazonaws.com/wornshoes/2.jpg@,Everardo.Toy,87120,1523123633519,52
https://s3-us-west-1.amazonaws.com/wornshoes/3.jpg@,Geoffrey_Zulauf,98721,1526593496003,53
https://s3-us-west-1.amazonaws.com/wornshoes/4.jpg@,Arlie28,8426,1501279991240,54
https://s3-us-west-1.amazonaws.com/wornshoes/5.jpg@,Grayce5,14073,1530096650585,55
https://s3-us-west-1.amazonaws.com/wornshoes/6.jpg@,Burdette.Wisozk,40627,1518605638958,56
https://s3-us-west-1.amazonaws.com/wornshoes/7.jpg@,Alexa30,83212,1501262384430,57
https://s3-us-west-1.amazonaws.com/wornshoes/8.jpg@,Deron27,20588,1524183588449,58
https://s3-us-west-1.amazonaws.com/wornshoes/9.jpg@,Dominic.Ratke,36651,1504088246570,59
https://s3-us-west-1.amazonaws.com/wornshoes/10.jpg@,Adan.Hayes17,11454,1518545078527,60
https://s3-us-west-1.amazonaws.com/wornshoes/11.jpg@,Payton17,1425,1514412921158,61
https://s3-us-west-1.amazonaws.com/wornshoes/12.jpg@,Cecil_Metz,92818,1525664897850,62
https://s3-us-west-1.amazonaws.com/wornshoes/13.jpg@,Magdalena.Witting96,6866,1518267857708,63
https://s3-us-west-1.amazonaws.com/wornshoes/14.jpg@,Obie69,13156,1527297555773,64
https://s3-us-west-1.amazonaws.com/wornshoes/15.jpg@,Darren_Pacocha18,82896,1521419047750,65
https://s3-us-west-1.amazonaws.com/wornshoes/16.jpg@,Flavie_Roberts,54089,1531594605783,66
https://s3-us-west-1.amazonaws.com/wornshoes/17.jpg@,Laurine.Padberg31,13093,1509965058890,67
https://s3-us-west-1.amazonaws.com/wornshoes/18.jpg@,Greg_Bernhard,48365,1504069663854,68
https://s3-us-west-1.amazonaws.com/wornshoes/19.jpg@,Natalie.Wintheiser99,42708,1531340799465,69
https://s3-us-west-1.amazonaws.com/wornshoes/20.jpg@,Ed.Feil,80682,1517900747630,70
https://s3-us-west-1.amazonaws.com/wornshoes/21.jpg@,Barney.Lesch,10365,1530146412847,71
https://s3-us-west-1.amazonaws.com/wornshoes/22.jpg@,Marielle68,88672,1529657872638,72
https://s3-us-west-1.amazonaws.com/wornshoes/23.jpg@,Emerald.Wolf,46238,1509510940490,73
https://s3-us-west-1.amazonaws.com/wornshoes/24.jpg@,Hipolito.Runolfsson,81679,1524902495208,74
https://s3-us-west-1.amazonaws.com/wornshoes/25.jpg@,Marquise61,87040,1529521867985,75
https://s3-us-west-1.amazonaws.com/wornshoes/26.jpg@,Sibyl.Ullrich69,1041,1529346550814,76
https://s3-us-west-1.amazonaws.com/wornshoes/27.jpg@,Deshawn85,1679,1523309380184,77
https://s3-us-west-1.amazonaws.com/wornshoes/28.jpg@,Keegan_Vandervort,89427,1521098201695,78
https://s3-us-west-1.amazonaws.com/wornshoes/29.jpg@,Earline.Dickinson,67335,1506279064617,79
https://s3-us-west-1.amazonaws.com/wornshoes/30.jpg@,Vivien9,90697,1530757205221,80
https://s3-us-west-1.amazonaws.com/wornshoes/31.jpg@,Demond_Kris,17914,1508575306467,81
https://s3-us-west-1.amazonaws.com/wornshoes/32.jpg@,Kirsten.Cruickshank55,29269,1525650225121,82
https://s3-us-west-1.amazonaws.com/wornshoes/33.jpg@,David74,58648,1527415976634,83
https://s3-us-west-1.amazonaws.com/wornshoes/34.jpg@,Kailyn_Shields41,85776,1505928811154,84
https://s3-us-west-1.amazonaws.com/wornshoes/0.jpg@,Ronaldo.Ward82,97054,1522320066115,85
https://s3-us-west-1.amazonaws.com/wornshoes/1.jpg@,Blanca5,59281,1511824447489,86
https://s3-us-west-1.amazonaws.com/wornshoes/2.jpg@,Clement_Schowalter41,99423,1528593573697,87
https://s3-us-west-1.amazonaws.com/wornshoes/3.jpg@,Kathleen.Beer,80309,1503238985505,88
https://s3-us-west-1.amazonaws.com/wornshoes/4.jpg@,Elnora50,89780,1524771015709,89
https://s3-us-west-1.amazonaws.com/wornshoes/5.jpg@,Betsy.Renner,69144,1522349175026,90
https://s3-us-west-1.amazonaws.com/wornshoes/6.jpg@,Della60,85307,1529145515007,91
https://s3-us-west-1.amazonaws.com/wornshoes/7.jpg@,Caesar_Walter25,82820,1527068398063,92
https://s3-us-west-1.amazonaws.com/wornshoes/8.jpg@,Alessandro.Krajcik,66558,1527977167608,93
https://s3-us-west-1.amazonaws.com/wornshoes/9.jpg@,Conner_Marks,7865,1529795776560,94
https://s3-us-west-1.amazonaws.com/wornshoes/10.jpg@,Alexie_Greenfelder,75880,1511227980454,95
https://s3-us-west-1.amazonaws.com/wornshoes/11.jpg@,Andrew_Gulgowski88,7435,1521837222394,96
https://s3-us-west-1.amazonaws.com/wornshoes/12.jpg@,Werner35,82192,1524670261015,97
https://s3-us-west-1.amazonaws.com/wornshoes/13.jpg@,Nicholaus.Jakubowski64,83365,1510497915563,98
https://s3-us-west-1.amazonaws.com/wornshoes/14.jpg@,Cory95,19936,1521065174598,99
https://s3-us-west-1.amazonaws.com/wornshoes/15.jpg@,Aubrey.Ankunding65,8353,1527334820970,0
https://s3-us-west-1.amazonaws.com/wornshoes/16.jpg@,Ofelia_Leffler,85446,1529166805318,1
https://s3-us-west-1.amazonaws.com/wornshoes/17.jpg@,Jodie.Gibson35,51562,1503714150634,2
https://s3-us-west-1.amazonaws.com/wornshoes/18.jpg@,Sylvia86,45727,1502236628247,3
https://s3-us-west-1.amazonaws.com/wornshoes/19.jpg@,Bernadette_Littel54,67120,1502416354066,4
https://s3-us-west-1.amazonaws.com/wornshoes/20.jpg@,Howell6,43800,1512490304524,5
https://s3-us-west-1.amazonaws.com/wornshoes/21.jpg@,Kenya_Volkman,70795,1522378588521,6
https://s3-us-west-1.amazonaws.com/wornshoes/22.jpg@,Wilber_Lebsack,13322,1502123534594,7
https://s3-us-west-1.amazonaws.com/wornshoes/23.jpg@,Catalina_Jenkins,7687,1529682578908,8
https://s3-us-west-1.amazonaws.com/wornshoes/24.jpg@,Hollie.Mann,90692,1506979811556,9
https://s3-us-west-1.amazonaws.com/wornshoes/25.jpg@,Enid.Simonis,30195,1501905352529,10
https://s3-us-west-1.amazonaws.com/wornshoes/26.jpg@,Lupe.Pfeffer57,67354,1527488276295,11
https://s3-us-west-1.amazonaws.com/wornshoes/27.jpg@,Paxton_Quitzon37,61216,1528594895254,12
https://s3-us-west-1.amazonaws.com/wornshoes/28.jpg@,Tabitha65,37144,1502333950498,13
https://s3-us-west-1.amazonaws.com/wornshoes/29.jpg@,Kiera_Jenkins41,43289,1528725169710,14
https://s3-us-west-1.amazonaws.com/wornshoes/30.jpg@,Rita_Bechtelar32,4954,1525397371325,15
https://s3-us-west-1.amazonaws.com/wornshoes/31.jpg@,Angie.Blick0,18201,1517123206215,16
https://s3-us-west-1.amazonaws.com/wornshoes/32.jpg@,Freida.Jacobi,83873,1505156010455,17
https://s3-us-west-1.amazonaws.com/wornshoes/33.jpg@,Dameon67,69022,1514287252397,18
https://s3-us-west-1.amazonaws.com/wornshoes/34.jpg@,Lambert90,65500,1531928754347,19
https://s3-us-west-1.amazonaws.com/wornshoes/0.jpg@,Santa_Hegmann,91370,1527522790994,20
https://s3-us-west-1.amazonaws.com/wornshoes/1.jpg@,Lynn92,49595,1510718205659,21
https://s3-us-west-1.amazonaws.com/wornshoes/2.jpg@,Brooke63,71192,1525822094154,22
https://s3-us-west-1.amazonaws.com/wornshoes/3.jpg@,Cordie2,36488,1515907224344,23
https://s3-us-west-1.amazonaws.com/wornshoes/4.jpg@,Wyatt_Brakus60,83361,1519740773927,24
https://s3-us-west-1.amazonaws.com/wornshoes/5.jpg@,Rosalee10,13750,1510556721890,25
https://s3-us-west-1.amazonaws.com/wornshoes/6.jpg@,Amiya86,32586,1513200425941,26
https://s3-us-west-1.amazonaws.com/wornshoes/7.jpg@,Jasper77,56965,1514727338918,27
https://s3-us-west-1.amazonaws.com/wornshoes/8.jpg@,Chadd.Wisozk20,88711,1507230210573,28
https://s3-us-west-1.amazonaws.com/wornshoes/9.jpg@,Clementina33,68627,1531869035908,29
https://s3-us-west-1.amazonaws.com/wornshoes/10.jpg@,Melvin.Hodkiewicz3,50366,1515353891182,30
https://s3-us-west-1.amazonaws.com/wornshoes/11.jpg@,Jordy.Weimann,28375,1514186881345,31
https://s3-us-west-1.amazonaws.com/wornshoes/12.jpg@,Eldora.Williamson37,51410,1513467593640,32
https://s3-us-west-1.amazonaws.com/wornshoes/13.jpg@,Wendell.Schowalter,88180,1509689652697,33
https://s3-us-west-1.amazonaws.com/wornshoes/14.jpg@,Linnea59,5874,1511359895648,34
https://s3-us-west-1.amazonaws.com/wornshoes/15.jpg@,Allene.Mosciski50,83941,1525183876156,35
https://s3-us-west-1.amazonaws.com/wornshoes/16.jpg@,Alexa_Konopelski92,90816,1519900074346,36
https://s3-us-west-1.amazonaws.com/wornshoes/17.jpg@,Kelsie.Huel34,89563,1503449297514,37
https://s3-us-west-1.amazonaws.com/wornshoes/18.jpg@,Alex_Kiehn,36981,1526586741399,38
https://s3-us-west-1.amazonaws.com/wornshoes/19.jpg@,Randy.Borer50,66867,1511925214410,39
https://s3-us-west-1.amazonaws.com/wornshoes/20.jpg@,Oceane23,91242,1529030650033,40
https://s3-us-west-1.amazonaws.com/wornshoes/21.jpg@,Giovanni33,48443,1518527186079,41
https://s3-us-west-1.amazonaws.com/wornshoes/22.jpg@,Lazaro.Blanda,63192,1507421198105,42
https://s3-us-west-1.amazonaws.com/wornshoes/23.jpg@,Lavern.Torphy,9375,1507279911378,43
https://s3-us-west-1.amazonaws.com/wornshoes/24.jpg@,Gaylord89,51112,1529123621120,44
https://s3-us-west-1.amazonaws.com/wornshoes/25.jpg@,Eleazar8,59870,1523155137418,45
https://s3-us-west-1.amazonaws.com/wornshoes/26.jpg@,Brendon_Rice,71329,1514815784765,46
https://s3-us-west-1.amazonaws.com/wornshoes/27.jpg@,Astrid_Renner,15959,1513190204067,47
https://s3-us-west-1.amazonaws.com/wornshoes/28.jpg@,Dock9,22039,1504540894738,48
https://s3-us-west-1.amazonaws.com/wornshoes/29.jpg@,Providenci_Murphy,19884,1502249646069,49
https://s3-us-west-1.amazonaws.com/wornshoes/30.jpg@,Israel.Mante22,70307,1513061844951,50
https://s3-us-west-1.amazonaws.com/wornshoes/31.jpg@,Gerson_Morar62,90821,1506187723233,51
https://s3-us-west-1.amazonaws.com/wornshoes/32.jpg@,Cordell19,58323,1521148201080,52
https://s3-us-west-1.amazonaws.com/wornshoes/33.jpg@,Peter_Botsford57,7056,1523880424234,53
https://s3-us-west-1.amazonaws.com/wornshoes/34.jpg@,Edmund.Bode,74471,1518862731194,54
https://s3-us-west-1.amazonaws.com/wornshoes/0.jpg@,Hunter_Batz,41319,1517474414489,55
https://s3-us-west-1.amazonaws.com/wornshoes/1.jpg@,Conner_Torphy,65172,1521663866861,56
https://s3-us-west-1.amazonaws.com/wornshoes/2.jpg@,Hollis96,93211,1531240723322,57
https://s3-us-west-1.amazonaws.com/wornshoes/3.jpg@,Garrick_Terry94,94386,1515424423711,58
https://s3-us-west-1.amazonaws.com/wornshoes/4.jpg@,Florine_Feeney,87788,1514206741504,59
https://s3-us-west-1.amazonaws.com/wornshoes/5.jpg@,Princess_Hilpert11,75614,1503982214323,60
https://s3-us-west-1.amazonaws.com/wornshoes/6.jpg@,Harmon.Boehm,96548,1512427859498,61
https://s3-us-west-1.amazonaws.com/wornshoes/7.jpg@,Nicholaus.Tromp53,38283,1519241559001,62
https://s3-us-west-1.amazonaws.com/wornshoes/8.jpg@,Francisca11,70026,1521583728093,63
https://s3-us-west-1.amazonaws.com/wornshoes/9.jpg@,Friedrich_Collins,84042,1527560412283,64
https://s3-us-west-1.amazonaws.com/wornshoes/10.jpg@,Elfrieda_Greenholt9,62113,1513948992965,65
https://s3-us-west-1.amazonaws.com/wornshoes/11.jpg@,Rosemarie40,46416,1519771831324,66
https://s3-us-west-1.amazonaws.com/wornshoes/12.jpg@,Barney48,22323,1504070261740,67
https://s3-us-west-1.amazonaws.com/wornshoes/13.jpg@,Kyra_Schinner,80914,1519546073756,68
https://s3-us-west-1.amazonaws.com/wornshoes/14.jpg@,Nathen4,97205,1506941658033,69
https://s3-us-west-1.amazonaws.com/wornshoes/15.jpg@,Maye_Jacobson,58783,1509653427274,70
https://s3-us-west-1.amazonaws.com/wornshoes/16.jpg@,Ila_Effertz54,77267,1516376070200,71
https://s3-us-west-1.amazonaws.com/wornshoes/17.jpg@,Geovany84,9575,1509153517146,72
https://s3-us-west-1.amazonaws.com/wornshoes/18.jpg@,Patricia_Doyle,33891,1516936225044,73
https://s3-us-west-1.amazonaws.com/wornshoes/19.jpg@,Bulah15,13944,1522164693009,74
https://s3-us-west-1.amazonaws.com/wornshoes/20.jpg@,Madie73,15314,1508149817463,75
https://s3-us-west-1.amazonaws.com/wornshoes/21.jpg@,Furman_Kunze75,91699,1532410159835,76
https://s3-us-west-1.amazonaws.com/wornshoes/22.jpg@,Ayla61,81008,1526648827679,77
https://s3-us-west-1.amazonaws.com/wornshoes/23.jpg@,Mazie24,87735,1509181169956,78
https://s3-us-west-1.amazonaws.com/wornshoes/24.jpg@,Loyal.Corwin,92830,1522160370290,79
https://s3-us-west-1.amazonaws.com/wornshoes/25.jpg@,Roderick.Grant14,6205,1526458030305,80
https://s3-us-west-1.amazonaws.com/wornshoes/26.jpg@,Brendon_Feil,37564,1532303767181,81
https://s3-us-west-1.amazonaws.com/wornshoes/27.jpg@,Gordon77,45311,1524788015038,82
https://s3-us-west-1.amazonaws.com/wornshoes/28.jpg@,Bradford_Hane95,6174,1527943793159,83
https://s3-us-west-1.amazonaws.com/wornshoes/29.jpg@,Tevin_Larkin,27592,1530777920335,84
https://s3-us-west-1.amazonaws.com/wornshoes/30.jpg@,Jerrell36,85139,1511105246298,85
https://s3-us-west-1.amazonaws.com/wornshoes/31.jpg@,Neva.Schinner,40801,1514103807110,86
https://s3-us-west-1.amazonaws.com/wornshoes/32.jpg@,Austin.Hane44,48876,1501319055313,87
https://s3-us-west-1.amazonaws.com/wornshoes/33.jpg@,Domenico37,19414,1519683824563,88
https://s3-us-west-1.amazonaws.com/wornshoes/34.jpg@,Vance.Stamm,93516,1517219688093,89
https://s3-us-west-1.amazonaws.com/wornshoes/0.jpg@,Hilda_Wunsch,62368,1526554714386,90
https://s3-us-west-1.amazonaws.com/wornshoes/1.jpg@,Dahlia30,27944,1508584091947,91
https://s3-us-west-1.amazonaws.com/wornshoes/2.jpg@,Willie_Bernier,54933,1520019644994,92
https://s3-us-west-1.amazonaws.com/wornshoes/3.jpg@,Quincy81,4212,1518864452605,93
https://s3-us-west-1.amazonaws.com/wornshoes/4.jpg@,Ivory75,69258,1525288884235,94
https://s3-us-west-1.amazonaws.com/wornshoes/5.jpg@,Santa.Labadie,72790,1519416742950,95
https://s3-us-west-1.amazonaws.com/wornshoes/6.jpg@,Jacques.Schimmel37,91410,1526699800639,96
https://s3-us-west-1.amazonaws.com/wornshoes/7.jpg@,Abbigail48,98751,1519846414105,97
https://s3-us-west-1.amazonaws.com/wornshoes/8.jpg@,Richie_Wyman93,98833,1526806604497,98
https://s3-us-west-1.amazonaws.com/wornshoes/9.jpg@,Judge.Walsh63,6324,1512940588113,99
